Workbook

Sheet ecommerce_transactions
A1: Transaction_ID | B1: Customer_ID | C1: Customer_Name | D1: Transaction_Date | E1: Purchase_Amount | F1: Quantity | G1: Product_Category
A2: T000001 | B2: C0001 | C2: Customer_1 | D2: 45540 | E2: 99.88 | F2: 1 | G2: Books
A3: T000002 | B3: C0001 | C3: Customer_1 | D3: 45294 | E3: 228.46 | F3: 3 | G3: Home & Garden
A4: T000003 | B4: C0001 | C4: Customer_1 | D4: 45279 | E4: 173.52 | F4: 2 | G4: Home & Garden
A5: T000004 | B5: C0001 | C5: Customer_1 | D5: 45500 | E5: 485.26 | F5: 2 | G5: Sports
A6: T000005 | B6: C0001 | C6: Customer_1 | D6: 45485 | E6: 10.38 | F6: 1 | G6: Sports
A7: T000006 | B7: C0001 | C7: Customer_1 | D7: 45352 | E7: 159.08 | F7: 1 | G7: Beauty
A8: T000007 | B8: C0001 | C8: Customer_1 | D8: 45427 | E8: 21.3 | F8: 3 | G8: Home & Garden
A9: T000008 | B9: C0002 | C9: Customer_2 | D9: 45421 | E9: 487.14 | F9: 2 | G9: Beauty
A10: T000009 | B10: C0002 | C10: Customer_2 | D10: 45632 | E10: 313.01 | F10: 3 | G10: Sports
A11: T000010 | B11: C0002 | C11: Customer_2 | D11: 45189 | E11: 300.28 | F11: 1 | G11: Home & Garden
A12: T000011 | B12: C0002 | C12: Customer_2 | D12: 45592 | E12: 93.56 | F12: 4 | G12: Clothing
A13: T000012 | B13: C0002 | C13: Customer_2 | D13: 45546 | E13: 483.16 | F13: 2 | G13: Clothing
... A3940: T003939 | B3940: C0500 | C3940: Customer_500 | D3940: 45501 | E3940: 206.68 | F3940: 3 | G3940: Beauty

Sheet main_data
A1: {=_xlfn.UNIQUE(ecommerce_transactions!B:B)} -> Customer_ID | B1: Recency_days | C1: Purchase_Frequency | D1: Total_spending | E1: R_Score | F1: F_Score | G1: M_Score | H1: RFM_Score | I1: Customer_Segmentation | J1: Average_order_value | K1: Last_Purchase_date | L1: First_purchase_date | M1: Customer_Lifespan_Years | N1: Annual_Purchase_frequency | O1: CLV_Gross_Revenue | P1: CLV_Profit(30%margin)
A2: C0001 | B2: =_xlfn.DAYS(DATE(2024,12,31),_xlfn.MAXIFS(ecommerce_transactions!$D$2:$D$9999, ecommerce_transactions!$B$2:$B$9999, A2)) -> 117 | C2: =COUNTIF(ecommerce_transactions!B:B,main_data!A2) -> 7 | D2: =SUMIF(ecommerce_transactions!B:B,main_data!A2,ecommerce_transactions!E:E) -> 1177.88 | E2: =IF(B2<=PERCENTILE($B$2:$B$501,0.2),5,IF(B2<=PERCENTILE($B$2:$B$501,0.4),4,IF(B2<=PERCENTILE($B$2:$B$501,0.6),3,IF(B2<=PERCENTILE($B$2:$B$501,0.8),2,1)))) -> 1 | F2: =IF(C2>=PERCENTILE($C$2:$C$501, 0.8), 5,IF(C2>=PERCENTILE($C$2:$C$501, 0.6), 4, IF(C2>=PERCENTILE($C$2:$C$501, 0.4), 3, IF(C2>=PERCENTILE($C$2:$C$501, 0.2), 2, 1)))) -> 3 | G2: =IF(D2>=PERCENTILE($D$2:$D$501,0.8),5,IF(D2>=PERCENTILE($D$2:$D$501,0.6),4,IF(D2>=PERCENTILE($D$2:$D$501,0.4),3,IF(D2>=PERCENTILE($D$2:$D$501,0.2),2,1)))) -> 2 | H2: =CONCATENATE(E2,F2,G2) -> 132 | I2: =IF(AND(E2>=4, F2>=4, G2>=4), "Champions", IF(AND(E2>=3, F2>=3, G2>=3), "Loyal Customers", IF(AND(E2>=4, F2<=2), "New Customers", IF(AND(E2>=4, F2>=2, G2>=2), "Potential Loyalists", IF(AND(G2>=4, E2<=2, F2<=2), "Cannot Lose Them", IF(AND(F2>=3, E2<=2), "At Risk", IF(AND(E2<=2, F2<=2), "About to Sleep", IF(AND(E2<=2, F2<=3), "Hibernating", "Lost")))))))) -> At Risk | J2: =D2/C2 -> 168.26857 | K2: =_xlfn.MAXIFS(ecommerce_transactions!D:D,ecommerce_transactions!B:B,main_data!A2) -> 45540 | L2: =_xlfn.MINIFS(ecommerce_transactions!D:D,ecommerce_transactions!B:B,main_data!A2) -> 45279 | M2: =(K2-L2)/365.25 -> 0.71457906 | N2: =C2/(M2+0.5) -> 5.7633136 | O2: =J2*N2*M2 -> 692.98773 | P2: =O2*0.3 -> 207.89632
A3: C0002 | B3: =_xlfn.DAYS(DATE(2024,12,31),_xlfn.MAXIFS(ecommerce_transactions!$D$2:$D$9999, ecommerce_transactions!$B$2:$B$9999, A3)) -> 25 | C3: =COUNTIF(ecommerce_transactions!B:B,main_data!A3) -> 15 | D3: =SUMIF(ecommerce_transactions!B:B,main_data!A3,ecommerce_transactions!E:E) -> 4325 | E3: =IF(B3<=PERCENTILE($B$2:$B$501,0.2),5,IF(B3<=PERCENTILE($B$2:$B$501,0.4),4,IF(B3<=PERCENTILE($B$2:$B$501,0.6),3,IF(B3<=PERCENTILE($B$2:$B$501,0.8),2,1)))) -> 3 | F3: =IF(C3>=PERCENTILE($C$2:$C$501, 0.8), 5,IF(C3>=PERCENTILE($C$2:$C$501, 0.6), 4, IF(C3>=PERCENTILE($C$2:$C$501, 0.4), 3, IF(C3>=PERCENTILE($C$2:$C$501, 0.2), 2, 1)))) -> 5 | G3: =IF(D3>=PERCENTILE($D$2:$D$501,0.8),5,IF(D3>=PERCENTILE($D$2:$D$501,0.6),4,IF(D3>=PERCENTILE($D$2:$D$501,0.4),3,IF(D3>=PERCENTILE($D$2:$D$501,0.2),2,1)))) -> 5 | H3: =CONCATENATE(E3,F3,G3) -> 355 | I3: =IF(AND(E3>=4, F3>=4, G3>=4), "Champions", IF(AND(E3>=3, F3>=3, G3>=3), "Loyal Customers", IF(AND(E3>=4, F3<=2), "New Customers", IF(AND(E3>=4, F3>=2, G3>=2), "Potential Loyalists", IF(AND(G3>=4, E3<=2, F3<=2), "Cannot Lose Them", IF(AND(F3>=3, E3<=2), "At Risk", IF(AND(E3<=2, F3<=2), "About to Sleep", IF(AND(E3<=2, F3<=3), "Hibernating", "Lost")))))))) -> Loyal Customers | J3: =D3/C3 -> 288.33333 | K3: =_xlfn.MAXIFS(ecommerce_transactions!D:D,ecommerce_transactions!B:B,main_data!A3) -> 45632 | L3: =_xlfn.MINIFS(ecommerce_transactions!D:D,ecommerce_transactions!B:B,main_data!A3) -> 44980 | M3: =(K3-L3)/365.25 -> 1.7850787 | N3: =C3/(M3+0.5) -> 6.5643253 | O3: =J3*N3*M3 -> 3378.6431 | P3: =O3*0.3 -> 1013.5929
A4: C0003 | B4: =_xlfn.DAYS(DATE(2024,12,31),_xlfn.MAXIFS(ecommerce_transactions!$D$2:$D$9999, ecommerce_transactions!$B$2:$B$9999, A4)) -> 6 | C4: =COUNTIF(ecommerce_transactions!B:B,main_data!A4) -> 15 | D4: =SUMIF(ecommerce_transactions!B:B,main_data!A4,ecommerce_transactions!E:E) -> 3895.55 | E4: =IF(B4<=PERCENTILE($B$2:$B$501,0.2),5,IF(B4<=PERCENTILE($B$2:$B$501,0.4),4,IF(B4<=PERCENTILE($B$2:$B$501,0.6),3,IF(B4<=PERCENTILE($B$2:$B$501,0.8),2,1)))) -> 5 | F4: =IF(C4>=PERCENTILE($C$2:$C$501, 0.8), 5,IF(C4>=PERCENTILE($C$2:$C$501, 0.6), 4, IF(C4>=PERCENTILE($C$2:$C$501, 0.4), 3, IF(C4>=PERCENTILE($C$2:$C$501, 0.2), 2, 1)))) -> 5 | G4: =IF(D4>=PERCENTILE($D$2:$D$501,0.8),5,IF(D4>=PERCENTILE($D$2:$D$501,0.6),4,IF(D4>=PERCENTILE($D$2:$D$501,0.4),3,IF(D4>=PERCENTILE($D$2:$D$501,0.2),2,1)))) -> 5 | H4: =CONCATENATE(E4,F4,G4) -> 555 | I4: =IF(AND(E4>=4, F4>=4, G4>=4), "Champions", IF(AND(E4>=3, F4>=3, G4>=3), "Loyal Customers", IF(AND(E4>=4, F4<=2), "New Customers", IF(AND(E4>=4, F4>=2, G4>=2), "Potential Loyalists", IF(AND(G4>=4, E4<=2, F4<=2), "Cannot Lose Them", IF(AND(F4>=3, E4<=2), "At Risk", IF(AND(E4<=2, F4<=2), "About to Sleep", IF(AND(E4<=2, F4<=3), "Hibernating", "Lost")))))))) -> Champions | J4: =D4/C4 -> 259.70333 | K4: =_xlfn.MAXIFS(ecommerce_transactions!D:D,ecommerce_transactions!B:B,main_data!A4) -> 45651 | L4: =_xlfn.MINIFS(ecommerce_transactions!D:D,ecommerce_transactions!B:B,main_data!A4) -> 45566 | M4: =(K4-L4)/365.25 -> 0.23271732 | N4: =C4/(M4+0.5) -> 20.471742 | O4: =J4*N4*M4 -> 1237.2602 | P4: =O4*0.3 -> 371.17805
A5: C0004 | B5: =_xlfn.DAYS(DATE(2024,12,31),_xlfn.MAXIFS(ecommerce_transactions!$D$2:$D$9999, ecommerce_transactions!$B$2:$B$9999, A5)) -> 155 | C5: =COUNTIF(ecommerce_transactions!B:B,main_data!A5) -> 2 | D5: =SUMIF(ecommerce_transactions!B:B,main_data!A5,ecommerce_transactions!E:E) -> 271.9 | E5: =IF(B5<=PERCENTILE($B$2:$B$501,0.2),5,IF(B5<=PERCENTILE($B$2:$B$501,0.4),4,IF(B5<=PERCENTILE($B$2:$B$501,0.6),3,IF(B5<=PERCENTILE($B$2:$B$501,0.8),2,1)))) -> 1 | F5: =IF(C5>=PERCENTILE($C$2:$C$501, 0.8), 5,IF(C5>=PERCENTILE($C$2:$C$501, 0.6), 4, IF(C5>=PERCENTILE($C$2:$C$501, 0.4), 3, IF(C5>=PERCENTILE($C$2:$C$501, 0.2), 2, 1)))) -> 1 | G5: =IF(D5>=PERCENTILE($D$2:$D$501,0.8),5,IF(D5>=PERCENTILE($D$2:$D$501,0.6),4,IF(D5>=PERCENTILE($D$2:$D$501,0.4),3,IF(D5>=PERCENTILE($D$2:$D$501,0.2),2,1)))) -> 1 | H5: =CONCATENATE(E5,F5,G5) -> 111 | I5: =IF(AND(E5>=4, F5>=4, G5>=4), "Champions", IF(AND(E5>=3, F5>=3, G5>=3), "Loyal Customers", IF(AND(E5>=4, F5<=2), "New Customers", IF(AND(E5>=4, F5>=2, G5>=2), "Potential Loyalists", IF(AND(G5>=4, E5<=2, F5<=2), "Cannot Lose Them", IF(AND(F5>=3, E5<=2), "At Risk", IF(AND(E5<=2, F5<=2), "About to Sleep", IF(AND(E5<=2, F5<=3), "Hibernating", "Lost")))))))) -> About to Sleep | J5: =D5/C5 -> 135.95 | K5: =_xlfn.MAXIFS(ecommerce_transactions!D:D,ecommerce_transactions!B:B,main_data!A5) -> 45502 | L5: =_xlfn.MINIFS(ecommerce_transactions!D:D,ecommerce_transactions!B:B,main_data!A5) -> 44973 | M5: =(K5-L5)/365.25 -> 1.4483231 | N5: =C5/(M5+0.5) -> 1.0265238 | O5: =J5*N5*M5 -> 202.12204 | P5: =O5*0.3 -> 60.636613
A6: C0005 | B6: =_xlfn.DAYS(DATE(2024,12,31),_xlfn.MAXIFS(ecommerce_transactions!$D$2:$D$9999, ecommerce_transactions!$B$2:$B$9999, A6)) -> 18 | C6: =COUNTIF(ecommerce_transactions!B:B,main_data!A6) -> 14 | D6: =SUMIF(ecommerce_transactions!B:B,main_data!A6,ecommerce_transactions!E:E) -> 3180.56 | E6: =IF(B6<=PERCENTILE($B$2:$B$501,0.2),5,IF(B6<=PERCENTILE($B$2:$B$501,0.4),4,IF(B6<=PERCENTILE($B$2:$B$501,0.6),3,IF(B6<=PERCENTILE($B$2:$B$501,0.8),2,1)))) -> 4 | F6: =IF(C6>=PERCENTILE($C$2:$C$501, 0.8), 5,IF(C6>=PERCENTILE($C$2:$C$501, 0.6), 4, IF(C6>=PERCENTILE($C$2:$C$501, 0.4), 3, IF(C6>=PERCENTILE($C$2:$C$501, 0.2), 2, 1)))) -> 5 | G6: =IF(D6>=PERCENTILE($D$2:$D$501,0.8),5,IF(D6>=PERCENTILE($D$2:$D$501,0.6),4,IF(D6>=PERCENTILE($D$2:$D$501,0.4),3,IF(D6>=PERCENTILE($D$2:$D$501,0.2),2,1)))) -> 5 | H6: =CONCATENATE(E6,F6,G6) -> 455 | I6: =IF(AND(E6>=4, F6>=4, G6>=4), "Champions", IF(AND(E6>=3, F6>=3, G6>=3), "Loyal Customers", IF(AND(E6>=4, F6<=2), "New Customers", IF(AND(E6>=4, F6>=2, G6>=2), "Potential Loyalists", IF(AND(G6>=4, E6<=2, F6<=2), "Cannot Lose Them", IF(AND(F6>=3, E6<=2), "At Risk", IF(AND(E6<=2, F6<=2), "About to Sleep", IF(AND(E6<=2, F6<=3), "Hibernating", "Lost")))))))) -> Champions | J6: =D6/C6 -> 227.18286 | K6: =_xlfn.MAXIFS(ecommerce_transactions!D:D,ecommerce_transactions!B:B,main_data!A6) -> 45639 | L6: =_xlfn.MINIFS(ecommerce_transactions!D:D,ecommerce_transactions!B:B,main_data!A6) -> 45409 | M6: =(K6-L6)/365.25 -> 0.62970568 | N6: =C6/(M6+0.5) -> 12.392608 | O6: =J6*N6*M6 -> 1772.8659 | P6: =O6*0.3 -> 531.85978
A7: C0006 | B7: =_xlfn.DAYS(DATE(2024,12,31),_xlfn.MAXIFS(ecommerce_transactions!$D$2:$D$9999, ecommerce_transactions!$B$2:$B$9999, A7)) -> 36 | C7: =COUNTIF(ecommerce_transactions!B:B,main_data!A7) -> 11 | D7: =SUMIF(ecommerce_transactions!B:B,main_data!A7,ecommerce_transactions!E:E) -> 2731.02 | E7: =IF(B7<=PERCENTILE($B$2:$B$501,0.2),5,IF(B7<=PERCENTILE($B$2:$B$501,0.4),4,IF(B7<=PERCENTILE($B$2:$B$501,0.6),3,IF(B7<=PERCENTILE($B$2:$B$501,0.8),2,1)))) -> 3 | F7: =IF(C7>=PERCENTILE($C$2:$C$501, 0.8), 5,IF(C7>=PERCENTILE($C$2:$C$501, 0.6), 4, IF(C7>=PERCENTILE($C$2:$C$501, 0.4), 3, IF(C7>=PERCENTILE($C$2:$C$501, 0.2), 2, 1)))) -> 4 | G7: =IF(D7>=PERCENTILE($D$2:$D$501,0.8),5,IF(D7>=PERCENTILE($D$2:$D$501,0.6),4,IF(D7>=PERCENTILE($D$2:$D$501,0.4),3,IF(D7>=PERCENTILE($D$2:$D$501,0.2),2,1)))) -> 4 | H7: =CONCATENATE(E7,F7,G7) -> 344 | I7: =IF(AND(E7>=4, F7>=4, G7>=4), "Champions", IF(AND(E7>=3, F7>=3, G7>=3), "Loyal Customers", IF(AND(E7>=4, F7<=2), "New Customers", IF(AND(E7>=4, F7>=2, G7>=2), "Potential Loyalists", IF(AND(G7>=4, E7<=2, F7<=2), "Cannot Lose Them", IF(AND(F7>=3, E7<=2), "At Risk", IF(AND(E7<=2, F7<=2), "About to Sleep", IF(AND(E7<=2, F7<=3), "Hibernating", "Lost")))))))) -> Loyal Customers | J7: =D7/C7 -> 248.27455 | K7: =_xlfn.MAXIFS(ecommerce_transactions!D:D,ecommerce_transactions!B:B,main_data!A7) -> 45621 | L7: =_xlfn.MINIFS(ecommerce_transactions!D:D,ecommerce_transactions!B:B,main_data!A7) -> 45512 | M7: =(K7-L7)/365.25 -> 0.29842574 | N7: =C7/(M7+0.5) -> 13.777111 | O7: =J7*N7*M7 -> 1020.767 | P7: =O7*0.3 -> 306.2301
A8: C0007 | B8: =_xlfn.DAYS(DATE(2024,12,31),_xlfn.MAXIFS(ecommerce_transactions!$D$2:$D$9999, ecommerce_transactions!$B$2:$B$9999, A8)) -> 15 | C8: =COUNTIF(ecommerce_transactions!B:B,main_data!A8) -> 9 | D8: =SUMIF(ecommerce_transactions!B:B,main_data!A8,ecommerce_transactions!E:E) -> 3058.68 | E8: =IF(B8<=PERCENTILE($B$2:$B$501,0.2),5,IF(B8<=PERCENTILE($B$2:$B$501,0.4),4,IF(B8<=PERCENTILE($B$2:$B$501,0.6),3,IF(B8<=PERCENTILE($B$2:$B$501,0.8),2,1)))) -> 4 | F8: =IF(C8>=PERCENTILE($C$2:$C$501, 0.8), 5,IF(C8>=PERCENTILE($C$2:$C$501, 0.6), 4, IF(C8>=PERCENTILE($C$2:$C$501, 0.4), 3, IF(C8>=PERCENTILE($C$2:$C$501, 0.2), 2, 1)))) -> 4 | G8: =IF(D8>=PERCENTILE($D$2:$D$501,0.8),5,IF(D8>=PERCENTILE($D$2:$D$501,0.6),4,IF(D8>=PERCENTILE($D$2:$D$501,0.4),3,IF(D8>=PERCENTILE($D$2:$D$501,0.2),2,1)))) -> 4 | H8: =CONCATENATE(E8,F8,G8) -> 444 | I8: =IF(AND(E8>=4, F8>=4, G8>=4), "Champions", IF(AND(E8>=3, F8>=3, G8>=3), "Loyal Customers", IF(AND(E8>=4, F8<=2), "New Customers", IF(AND(E8>=4, F8>=2, G8>=2), "Potential Loyalists", IF(AND(G8>=4, E8<=2, F8<=2), "Cannot Lose Them", IF(AND(F8>=3, E8<=2), "At Risk", IF(AND(E8<=2, F8<=2), "About to Sleep", IF(AND(E8<=2, F8<=3), "Hibernating", "Lost")))))))) -> Champions | J8: =D8/C8 -> 339.85333 | K8: =_xlfn.MAXIFS(ecommerce_transactions!D:D,ecommerce_transactions!B:B,main_data!A8) -> 45642 | L8: =_xlfn.MINIFS(ecommerce_transactions!D:D,ecommerce_transactions!B:B,main_data!A8) -> 45057 | M8: =(K8-L8)/365.25 -> 1.6016427 | N8: =C8/(M8+0.5) -> 4.2823644 | O8: =J8*N8*M8 -> 2330.9921 | P8: =O8*0.3 -> 699.29763
A9: C0008 | B9: =_xlfn.DAYS(DATE(2024,12,31),_xlfn.MAXIFS(ecommerce_transactions!$D$2:$D$9999, ecommerce_transactions!$B$2:$B$9999, A9)) -> 64 | C9: =COUNTIF(ecommerce_transactions!B:B,main_data!A9) -> 4 | D9: =SUMIF(ecommerce_transactions!B:B,main_data!A9,ecommerce_transactions!E:E) -> 1331.57 | E9: =IF(B9<=PERCENTILE($B$2:$B$501,0.2),5,IF(B9<=PERCENTILE($B$2:$B$501,0.4),4,IF(B9<=PERCENTILE($B$2:$B$501,0.6),3,IF(B9<=PERCENTILE($B$2:$B$501,0.8),2,1)))) -> 2 | F9: =IF(C9>=PERCENTILE($C$2:$C$501, 0.8), 5,IF(C9>=PERCENTILE($C$2:$C$501, 0.6), 4, IF(C9>=PERCENTILE($C$2:$C$501, 0.4), 3, IF(C9>=PERCENTILE($C$2:$C$501, 0.2), 2, 1)))) -> 2 | G9: =IF(D9>=PERCENTILE($D$2:$D$501,0.8),5,IF(D9>=PERCENTILE($D$2:$D$501,0.6),4,IF(D9>=PERCENTILE($D$2:$D$501,0.4),3,IF(D9>=PERCENTILE($D$2:$D$501,0.2),2,1)))) -> 2 | H9: =CONCATENATE(E9,F9,G9) -> 222 | I9: =IF(AND(E9>=4, F9>=4, G9>=4), "Champions", IF(AND(E9>=3, F9>=3, G9>=3), "Loyal Customers", IF(AND(E9>=4, F9<=2), "New Customers", IF(AND(E9>=4, F9>=2, G9>=2), "Potential Loyalists", IF(AND(G9>=4, E9<=2, F9<=2), "Cannot Lose Them", IF(AND(F9>=3, E9<=2), "At Risk", IF(AND(E9<=2, F9<=2), "About to Sleep", IF(AND(E9<=2, F9<=3), "Hibernating", "Lost")))))))) -> About to Sleep | J9: =D9/C9 -> 332.8925 | K9: =_xlfn.MAXIFS(ecommerce_transactions!D:D,ecommerce_transactions!B:B,main_data!A9) -> 45593 | L9: =_xlfn.MINIFS(ecommerce_transactions!D:D,ecommerce_transactions!B:B,main_data!A9) -> 45156 | M9: =(K9-L9)/365.25 -> 1.1964408 | N9: =C9/(M9+0.5) -> 2.3578777 | O9: =J9*N9*M9 -> 939.11009 | P9: =O9*0.3 -> 281.73303
A10: C0009 | B10: =_xlfn.DAYS(DATE(2024,12,31),_xlfn.MAXIFS(ecommerce_transactions!$D$2:$D$9999, ecommerce_transactions!$B$2:$B$9999, A10)) -> 9 | C10: =COUNTIF(ecommerce_transactions!B:B,main_data!A10) -> 8 | D10: =SUMIF(ecommerce_transactions!B:B,main_data!A10,ecommerce_transactions!E:E) -> 2407.93 | E10: =IF(B10<=PERCENTILE($B$2:$B$501,0.2),5,IF(B10<=PERCENTILE($B$2:$B$501,0.4),4,IF(B10<=PERCENTILE($B$2:$B$501,0.6),3,IF(B10<=PERCENTILE($B$2:$B$501,0.8),2,1)))) -> 4 | F10: =IF(C10>=PERCENTILE($C$2:$C$501, 0.8), 5,IF(C10>=PERCENTILE($C$2:$C$501, 0.6), 4, IF(C10>=PERCENTILE($C$2:$C$501, 0.4), 3, IF(C10>=PERCENTILE($C$2:$C$501, 0.2), 2, 1)))) -> 3 | G10: =IF(D10>=PERCENTILE($D$2:$D$501,0.8),5,IF(D10>=PERCENTILE($D$2:$D$501,0.6),4,IF(D10>=PERCENTILE($D$2:$D$501,0.4),3,IF(D10>=PERCENTILE($D$2:$D$501,0.2),2,1)))) -> 4 | H10: =CONCATENATE(E10,F10,G10) -> 434 | I10: =IF(AND(E10>=4, F10>=4, G10>=4), "Champions", IF(AND(E10>=3, F10>=3, G10>=3), "Loyal Customers", IF(AND(E10>=4, F10<=2), "New Customers", IF(AND(E10>=4, F10>=2, G10>=2), "Potential Loyalists", IF(AND(G10>=4, E10<=2, F10<=2), "Cannot Lose Them", IF(AND(F10>=3, E10<=2), "At Risk", IF(AND(E10<=2, F10<=2), "About to Sleep", IF(AND(E10<=2, F10<=3), "Hibernating", "Lost")))))))) -> Loyal Customers | J10: =D10/C10 -> 300.99125 | K10: =_xlfn.MAXIFS(ecommerce_transactions!D:D,ecommerce_transactions!B:B,main_data!A10) -> 45648 | L10: =_xlfn.MINIFS(ecommerce_transactions!D:D,ecommerce_transactions!B:B,main_data!A10) -> 45371 | M10: =(K10-L10)/365.25 -> 0.75838467 | N10: =C10/(M10+0.5) -> 6.3573565 | O10: =J10*N10*M10 -> 1451.1757 | P10: =O10*0.3 -> 435.3527
A11: C0010 | B11: =_xlfn.DAYS(DATE(2024,12,31),_xlfn.MAXIFS(ecommerce_transactions!$D$2:$D$9999, ecommerce_transactions!$B$2:$B$9999, A11)) -> 15 | C11: =COUNTIF(ecommerce_transactions!B:B,main_data!A11) -> 7 | D11: =SUMIF(ecommerce_transactions!B:B,main_data!A11,ecommerce_transactions!E:E) -> 2133.12 | E11: =IF(B11<=PERCENTILE($B$2:$B$501,0.2),5,IF(B11<=PERCENTILE($B$2:$B$501,0.4),4,IF(B11<=PERCENTILE($B$2:$B$501,0.6),3,IF(B11<=PERCENTILE($B$2:$B$501,0.8),2,1)))) -> 4 | F11: =IF(C11>=PERCENTILE($C$2:$C$501, 0.8), 5,IF(C11>=PERCENTILE($C$2:$C$501, 0.6), 4, IF(C11>=PERCENTILE($C$2:$C$501, 0.4), 3, IF(C11>=PERCENTILE($C$2:$C$501, 0.2), 2, 1)))) -> 3 | G11: =IF(D11>=PERCENTILE($D$2:$D$501,0.8),5,IF(D11>=PERCENTILE($D$2:$D$501,0.6),4,IF(D11>=PERCENTILE($D$2:$D$501,0.4),3,IF(D11>=PERCENTILE($D$2:$D$501,0.2),2,1)))) -> 3 | H11: =CONCATENATE(E11,F11,G11) -> 433 | I11: =IF(AND(E11>=4, F11>=4, G11>=4), "Champions", IF(AND(E11>=3, F11>=3, G11>=3), "Loyal Customers", IF(AND(E11>=4, F11<=2), "New Customers", IF(AND(E11>=4, F11>=2, G11>=2), "Potential Loyalists", IF(AND(G11>=4, E11<=2, F11<=2), "Cannot Lose Them", IF(AND(F11>=3, E11<=2), "At Risk", IF(AND(E11<=2, F11<=2), "About to Sleep", IF(AND(E11<=2, F11<=3), "Hibernating", "Lost")))))))) -> Loyal Customers | J11: =D11/C11 -> 304.73143 | K11: =_xlfn.MAXIFS(ecommerce_transactions!D:D,ecommerce_transactions!B:B,main_data!A11) -> 45642 | L11: =_xlfn.MINIFS(ecommerce_transactions!D:D,ecommerce_transactions!B:B,main_data!A11) -> 45483 | M11: =(K11-L11)/365.25 -> 0.43531828 | N11: =C11/(M11+0.5) -> 7.4840834 | O11: =J11*N11*M11 -> 992.80228 | P11: =O11*0.3 -> 297.84068
A12: C0011 | B12: =_xlfn.DAYS(DATE(2024,12,31),_xlfn.MAXIFS(ecommerce_transactions!$D$2:$D$9999, ecommerce_transactions!$B$2:$B$9999, A12)) -> 24 | C12: =COUNTIF(ecommerce_transactions!B:B,main_data!A12) -> 13 | D12: =SUMIF(ecommerce_transactions!B:B,main_data!A12,ecommerce_transactions!E:E) -> 3337.43 | E12: =IF(B12<=PERCENTILE($B$2:$B$501,0.2),5,IF(B12<=PERCENTILE($B$2:$B$501,0.4),4,IF(B12<=PERCENTILE($B$2:$B$501,0.6),3,IF(B12<=PERCENTILE($B$2:$B$501,0.8),2,1)))) -> 3 | F12: =IF(C12>=PERCENTILE($C$2:$C$501, 0.8), 5,IF(C12>=PERCENTILE($C$2:$C$501, 0.6), 4, IF(C12>=PERCENTILE($C$2:$C$501, 0.4), 3, IF(C12>=PERCENTILE($C$2:$C$501, 0.2), 2, 1)))) -> 5 | G12: =IF(D12>=PERCENTILE($D$2:$D$501,0.8),5,IF(D12>=PERCENTILE($D$2:$D$501,0.6),4,IF(D12>=PERCENTILE($D$2:$D$501,0.4),3,IF(D12>=PERCENTILE($D$2:$D$501,0.2),2,1)))) -> 5 | H12: =CONCATENATE(E12,F12,G12) -> 355 | I12: =IF(AND(E12>=4, F12>=4, G12>=4), "Champions", IF(AND(E12>=3, F12>=3, G12>=3), "Loyal Customers", IF(AND(E12>=4, F12<=2), "New Customers", IF(AND(E12>=4, F12>=2, G12>=2), "Potential Loyalists", IF(AND(G12>=4, E12<=2, F12<=2), "Cannot Lose Them", IF(AND(F12>=3, E12<=2), "At Risk", IF(AND(E12<=2, F12<=2), "About to Sleep", IF(AND(E12<=2, F12<=3), "Hibernating", "Lost")))))))) -> Loyal Customers | J12: =D12/C12 -> 256.72538 | K12: =_xlfn.MAXIFS(ecommerce_transactions!D:D,ecommerce_transactions!B:B,main_data!A12) -> 45633 | L12: =_xlfn.MINIFS(ecommerce_transactions!D:D,ecommerce_transactions!B:B,main_data!A12) -> 45126 | M12: =(K12-L12)/365.25 -> 1.3880903 | N12: =C12/(M12+0.5) -> 6.8852637 | O12: =J12*N12*M12 -> 2453.619 | P12: =O12*0.3 -> 736.0857
A13: C0012 | B13: =_xlfn.DAYS(DATE(2024,12,31),_xlfn.MAXIFS(ecommerce_transactions!$D$2:$D$9999, ecommerce_transactions!$B$2:$B$9999, A13)) -> 104 | C13: =COUNTIF(ecommerce_transactions!B:B,main_data!A13) -> 10 | D13: =SUMIF(ecommerce_transactions!B:B,main_data!A13,ecommerce_transactions!E:E) -> 1939.32 | E13: =IF(B13<=PERCENTILE($B$2:$B$501,0.2),5,IF(B13<=PERCENTILE($B$2:$B$501,0.4),4,IF(B13<=PERCENTILE($B$2:$B$501,0.6),3,IF(B13<=PERCENTILE($B$2:$B$501,0.8),2,1)))) -> 1 | F13: =IF(C13>=PERCENTILE($C$2:$C$501, 0.8), 5,IF(C13>=PERCENTILE($C$2:$C$501, 0.6), 4, IF(C13>=PERCENTILE($C$2:$C$501, 0.4), 3, IF(C13>=PERCENTILE($C$2:$C$501, 0.2), 2, 1)))) -> 4 | G13: =IF(D13>=PERCENTILE($D$2:$D$501,0.8),5,IF(D13>=PERCENTILE($D$2:$D$501,0.6),4,IF(D13>=PERCENTILE($D$2:$D$501,0.4),3,IF(D13>=PERCENTILE($D$2:$D$501,0.2),2,1)))) -> 3 | H13: =CONCATENATE(E13,F13,G13) -> 143 | I13: =IF(AND(E13>=4, F13>I11=4, G13>=4), "Champions", IF(AND(E13>=3, F13>=3, G13>=3), "Loyal Customers", IF(AND(E13>=4, F13<=2), "New Customers", IF(AND(E13>=4, F13>=2, G13>=2), "Potential Loyalists", IF(AND(G13>=4, E13<=2, F13<=2), "Cannot Lose Them", IF(AND(F13>=3, E13<=2), "At Risk", IF(AND(E13<=2, F13<=2), "About to Sleep", IF(AND(E13<=2, F13<=3), "Hibernating", "Lost")))))))) -> At Risk | J13: =D13/C13 -> 193.932 | K13: =_xlfn.MAXIFS(ecommerce_transactions!D:D,ecommerce_transactions!B:B,main_data!A13) -> 45553 | L13: =_xlfn.MINIFS(ecommerce_transactions!D:D,ecommerce_transactions!B:B,main_data!A13) -> 45093 | M13: =(K13-L13)/365.25 -> 1.2594114 | N13: =C13/(M13+0.5) -> 5.6837191 | O13: =J13*N13*M13 -> 1388.1925 | P13: =O13*0.3 -> 416.45775
A14: C0013 | B14: =_xlfn.DAYS(DATE(2024,12,31),_xlfn.MAXIFS(ecommerce_transactions!$D$2:$D$9999, ecommerce_transactions!$B$2:$B$9999, A14)) -> 88 | C14: =COUNTIF(ecommerce_transactions!B:B,main_data!A14) -> 3 | D14: =SUMIF(ecommerce_transactions!B:B,main_data!A14,ecommerce_transactions!E:E) -> 1063.29 | E14: =IF(B14<=PERCENTILE($B$2:$B$501,0.2),5,IF(B14<=PERCENTILE($B$2:$B$501,0.4),4,IF(B14<=PERCENTILE($B$2:$B$501,0.6),3,IF(B14<=PERCENTILE($B$2:$B$501,0.8),2,1)))) -> 2 | F14: =IF(C14>=PERCENTILE($C$2:$C$501, 0.8), 5,IF(C14>=PERCENTILE($C$2:$C$501, 0.6), 4, IF(C14>=PERCENTILE($C$2:$C$501, 0.4), 3, IF(C14>=PERCENTILE($C$2:$C$501, 0.2), 2, 1)))) -> 1 | G14: =IF(D14>=PERCENTILE($D$2:$D$501,0.8),5,IF(D14>=PERCENTILE($D$2:$D$501,0.6),4,IF(D14>=PERCENTILE($D$2:$D$501,0.4),3,IF(D14>=PERCENTILE($D$2:$D$501,0.2),2,1)))) -> 2 | H14: =CONCATENATE(E14,F14,G14) -> 212 | I14: =IF(AND(E14>=4, F14>=4, G14>=4), "Champions", IF(AND(E14>=3, F14>=3, G14>=3), "Loyal Customers", IF(AND(E14>=4, F14<=2), "New Customers", IF(AND(E14>=4, F14>=2, G14>=2), "Potential Loyalists", IF(AND(G14>=4, E14<=2, F14<=2), "Cannot Lose Them", IF(AND(F14>=3, E14<=2), "At Risk", IF(AND(E14<=2, F14<=2), "About to Sleep", IF(AND(E14<=2, F14<=3), "Hibernating", "Lost")))))))) -> About to Sleep | J14: =D14/C14 -> 354.43 | K14: =_xlfn.MAXIFS(ecommerce_transactions!D:D,ecommerce_transactions!B:B,main_data!A14) -> 45569 | L14: =_xlfn.MINIFS(ecommerce_transactions!D:D,ecommerce_transactions!B:B,main_data!A14) -> 45189 | M14: =(K14-L14)/365.25 -> 1.0403833 | N14: =C14/(M14+0.5) -> 1.9475672 | O14: =J14*N14*M14 -> 718.15188 | P14: =O14*0.3 -> 215.44556
A15: C0014 | B15: =_xlfn.DAYS(DATE(2024,12,31),_xlfn.MAXIFS(ecommerce_transactions!$D$2:$D$9999, ecommerce_transactions!$B$2:$B$9999, A15)) -> 29 | C15: =COUNTIF(ecommerce_transactions!B:B,main_data!A15) -> 12 | D15: =SUMIF(ecommerce_transactions!B:B,main_data!A15,ecommerce_transactions!E:E) -> 3058.12 | E15: =IF(B15<=PERCENTILE($B$2:$B$501,0.2),5,IF(B15<=PERCENTILE($B$2:$B$501,0.4),4,IF(B15<=PERCENTILE($B$2:$B$501,0.6),3,IF(B15<=PERCENTILE($B$2:$B$501,0.8),2,1)))) -> 3 | F15: =IF(C15>=PERCENTILE($C$2:$C$501, 0.8), 5,IF(C15>=PERCENTILE($C$2:$C$501, 0.6), 4, IF(C15>=PERCENTILE($C$2:$C$501, 0.4), 3, IF(C15>=PERCENTILE($C$2:$C$501, 0.2), 2, 1)))) -> 5 | G15: =IF(D15>=PERCENTILE($D$2:$D$501,0.8),5,IF(D15>=PERCENTILE($D$2:$D$501,0.6),4,IF(D15>=PERCENTILE($D$2:$D$501,0.4),3,IF(D15>=PERCENTILE($D$2:$D$501,0.2),2,1)))) -> 4 | H15: =CONCATENATE(E15,F15,G15) -> 354 | I15: =IF(AND(E15>=4, F15>=4, G15>=4), "Champions", IF(AND(E15>=3, F15>=3, G15>=3), "Loyal Customers", IF(AND(E15>=4, F15<=2), "New Customers", IF(AND(E15>=4, F15>=2, G15>=2), "Potential Loyalists", IF(AND(G15>=4, E15<=2, F15<=2), "Cannot Lose Them", IF(AND(F15>=3, E15<=2), "At Risk", IF(AND(E15<=2, F15<=2), "About to Sleep", IF(AND(E15<=2, F15<=3), "Hibernating", "Lost")))))))) -> Loyal Customers | J15: =D15/C15 -> 254.84333 | K15: =_xlfn.MAXIFS(ecommerce_transactions!D:D,ecommerce_transactions!B:B,main_data!A15) -> 45628 | L15: =_xlfn.MINIFS(ecommerce_transactions!D:D,ecommerce_transactions!B:B,main_data!A15) -> 44972 | M15: =(K15-L15)/365.25 -> 1.7960301 | N15: =C15/(M15+0.5) -> 5.2264123 | O15: =J15*N15*M15 -> 2392.1618 | P15: =O15*0.3 -> 717.64855
A16: C0015 | B16: =_xlfn.DAYS(DATE(2024,12,31),_xlfn.MAXIFS(ecommerce_transactions!$D$2:$D$9999, ecommerce_transactions!$B$2:$B$9999, A16)) -> 13 | C16: =COUNTIF(ecommerce_transactions!B:B,main_data!A16) -> 4 | D16: =SUMIF(ecommerce_transactions!B:B,main_data!A16,ecommerce_transactions!E:E) -> 1388.06 | E16: =IF(B16<=PERCENTILE($B$2:$B$501,0.2),5,IF(B16<=PERCENTILE($B$2:$B$501,0.4),4,IF(B16<=PERCENTILE($B$2:$B$501,0.6),3,IF(B16<=PERCENTILE($B$2:$B$501,0.8),2,1)))) -> 4 | F16: =IF(C16>=PERCENTILE($C$2:$C$501, 0.8), 5,IF(C16>=PERCENTILE($C$2:$C$501, 0.6), 4, IF(C16>=PERCENTILE($C$2:$C$501, 0.4), 3, IF(C16>=PERCENTILE($C$2:$C$501, 0.2), 2, 1)))) -> 2 | G16: =IF(D16>=PERCENTILE($D$2:$D$501,0.8),5,IF(D16>=PERCENTILE($D$2:$D$501,0.6),4,IF(D16>=PERCENTILE($D$2:$D$501,0.4),3,IF(D16>=PERCENTILE($D$2:$D$501,0.2),2,1)))) -> 2 | H16: =CONCATENATE(E16,F16,G16) -> 422 | I16: =IF(AND(E16>=4, F16>=4, G16>=4), "Champions", IF(AND(E16>=3, F16>=3, G16>=3), "Loyal Customers", IF(AND(E16>=4, F16<=2), "New Customers", IF(AND(E16>=4, F16>=2, G16>=2), "Potential Loyalists", IF(AND(G16>=4, E16<=2, F16<=2), "Cannot Lose Them", IF(AND(F16>=3, E16<=2), "At Risk", IF(AND(E16<=2, F16<=2), "About to Sleep", IF(AND(E16<=2, F16<=3), "Hibernating", "Lost")))))))) -> New Customers | J16: =D16/C16 -> 347.015 | K16: =_xlfn.MAXIFS(ecommerce_transactions!D:D,ecommerce_transactions!B:B,main_data!A16) -> 45644 | L16: =_xlfn.MINIFS(ecommerce_transactions!D:D,ecommerce_transactions!B:B,main_data!A16) -> 45555 | M16: =(K16-L16)/365.25 -> 0.24366872 | N16: =C16/(M16+0.5) -> 5.3787391 | O16: =J16*N16*M16 -> 454.80843 | P16: =O16*0.3 -> 136.44253
A17: C0016 | B17: =_xlfn.DAYS(DATE(2024,12,31),_xlfn.MAXIFS(ecommerce_transactions!$D$2:$D$9999, ecommerce_transactions!$B$2:$B$9999, A17)) -> 2 | C17: =COUNTIF(ecommerce_transactions!B:B,main_data!A17) -> 11 | D17: =SUMIF(ecommerce_transactions!B:B,main_data!A17,ecommerce_transactions!E:E) -> 2908.28 | E17: =IF(B17<=PERCENTILE($B$2:$B$501,0.2),5,IF(B17<=PERCENTILE($B$2:$B$501,0.4),4,IF(B17<=PERCENTILE($B$2:$B$501,0.6),3,IF(B17<=PERCENTILE($B$2:$B$501,0.8),2,1)))) -> 5 | F17: =IF(C17>=PERCENTILE($C$2:$C$501, 0.8), 5,IF(C17>=PERCENTILE($C$2:$C$501, 0.6), 4, IF(C17>=PERCENTILE($C$2:$C$501, 0.4), 3, IF(C17>=PERCENTILE($C$2:$C$501, 0.2), 2, 1)))) -> 4 | G17: =IF(D17>=PERCENTILE($D$2:$D$501,0.8),5,IF(D17>=PERCENTILE($D$2:$D$501,0.6),4,IF(D17>=PERCENTILE($D$2:$D$501,0.4),3,IF(D17>=PERCENTILE($D$2:$D$501,0.2),2,1)))) -> 4 | H17: =CONCATENATE(E17,F17,G17) -> 544 | I17: =IF(AND(E17>=4, F17>=4, G17>=4), "Champions", IF(AND(E17>=3, F17>=3, G17>=3), "Loyal Customers", IF(AND(E17>=4, F17<=2), "New Customers", IF(AND(E17>=4, F17>=2, G17>=2), "Potential Loyalists", IF(AND(G17>=4, E17<=2, F17<=2), "Cannot Lose Them", IF(AND(F17>=3, E17<=2), "At Risk", IF(AND(E17<=2, F17<=2), "About to Sleep", IF(AND(E17<=2, F17<=3), "Hibernating", "Lost")))))))) -> Champions | J17: =D17/C17 -> 264.38909 | K17: =_xlfn.MAXIFS(ecommerce_transactions!D:D,ecommerce_transactions!B:B,main_data!A17) -> 45655 | L17: =_xlfn.MINIFS(ecommerce_transactions!D:D,ecommerce_transactions!B:B,main_data!A17) -> 45620 | M17: =(K17-L17)/365.25 -> 0.095824778 | N17: =C17/(M17+0.5) -> 18.461804 | O17: =J17*N17*M17 -> 467.73027 | P17: =O17*0.3 -> 140.31908
A18: C0017 | B18: =_xlfn.DAYS(DATE(2024,12,31),_xlfn.MAXIFS(ecommerce_transactions!$D$2:$D$9999, ecommerce_transactions!$B$2:$B$9999, A18)) -> 23 | C18: =COUNTIF(ecommerce_transactions!B:B,main_data!A18) -> 14 | D18: =SUMIF(ecommerce_transactions!B:B,main_data!A18,ecommerce_transactions!E:E) -> 3473.2 | E18: =IF(B18<=PERCENTILE($B$2:$B$501,0.2),5,IF(B18<=PERCENTILE($B$2:$B$501,0.4),4,IF(B18<=PERCENTILE($B$2:$B$501,0.6),3,IF(B18<=PERCENTILE($B$2:$B$501,0.8),2,1)))) -> 3 | F18: =IF(C18>=PERCENTILE($C$2:$C$501, 0.8), 5,IF(C18>=PERCENTILE($C$2:$C$501, 0.6), 4, IF(C18>=PERCENTILE($C$2:$C$501, 0.4), 3, IF(C18>=PERCENTILE($C$2:$C$501, 0.2), 2, 1)))) -> 5 | G18: =IF(D18>=PERCENTILE($D$2:$D$501,0.8),5,IF(D18>=PERCENTILE($D$2:$D$501,0.6),4,IF(D18>=PERCENTILE($D$2:$D$501,0.4),3,IF(D18>=PERCENTILE($D$2:$D$501,0.2),2,1)))) -> 5 | H18: =CONCATENATE(E18,F18,G18) -> 355 | I18: =IF(AND(E18>=4, F18>=4, G18>=4), "Champions", IF(AND(E18>=3, F18>=3, G18>=3), "Loyal Customers", IF(AND(E18>=4, F18<=2), "New Customers", IF(AND(E18>=4, F18>=2, G18>=2), "Potential Loyalists", IF(AND(G18>=4, E18<=2, F18<=2), "Cannot Lose Them", IF(AND(F18>=3, E18<=2), "At Risk", IF(AND(E18<=2, F18<=2), "About to Sleep", IF(AND(E18<=2, F18<=3), "Hibernating", "Lost")))))))) -> Loyal Customers | J18: =D18/C18 -> 248.08571 | K18: =_xlfn.MAXIFS(ecommerce_transactions!D:D,ecommerce_transactions!B:B,main_data!A18) -> 45634 | L18: =_xlfn.MINIFS(ecommerce_transactions!D:D,ecommerce_transactions!B:B,main_data!A18) -> 45106 | M18: =(K18-L18)/365.25 -> 1.4455852 | N18: =C18/(M18+0.5) -> 7.1957784 | O18: =J18*N18*M18 -> 2580.6151 | P18: =O18*0.3 -> 774.18453
A19: C0018 | B19: =_xlfn.DAYS(DATE(2024,12,31),_xlfn.MAXIFS(ecommerce_transactions!$D$2:$D$9999, ecommerce_transactions!$B$2:$B$9999, A19)) -> 10 | C19: =COUNTIF(ecommerce_transactions!B:B,main_data!A19) -> 6 | D19: =SUMIF(ecommerce_transactions!B:B,main_data!A19,ecommerce_transactions!E:E) -> 2151.5 | E19: =IF(B19<=PERCENTILE($B$2:$B$501,0.2),5,IF(B19<=PERCENTILE($B$2:$B$501,0.4),4,IF(B19<=PERCENTILE($B$2:$B$501,0.6),3,IF(B19<=PERCENTILE($B$2:$B$501,0.8),2,1)))) -> 4 | F19: =IF(C19>=PERCENTILE($C$2:$C$501, 0.8), 5,IF(C19>=PERCENTILE($C$2:$C$501, 0.6), 4, IF(C19>=PERCENTILE($C$2:$C$501, 0.4), 3, IF(C19>=PERCENTILE($C$2:$C$501, 0.2), 2, 1)))) -> 3 | G19: =IF(D19>=PERCENTILE($D$2:$D$501,0.8),5,IF(D19>=PERCENTILE($D$2:$D$501,0.6),4,IF(D19>=PERCENTILE($D$2:$D$501,0.4),3,IF(D19>=PERCENTILE($D$2:$D$501,0.2),2,1)))) -> 3 | H19: =CONCATENATE(E19,F19,G19) -> 433 | I19: =IF(AND(E19>=4, F19>=4, G19>=4), "Champions", IF(AND(E19>=3, F19>=3, G19>=3), "Loyal Customers", IF(AND(E19>=4, F19<=2), "New Customers", IF(AND(E19>=4, F19>=2, G19>=2), "Potential Loyalists", IF(AND(G19>=4, E19<=2, F19<=2), "Cannot Lose Them", IF(AND(F19>=3, E19<=2), "At Risk", IF(AND(E19<=2, F19<=2), "About to Sleep", IF(AND(E19<=2, F19<=3), "Hibernating", "Lost")))))))) -> Loyal Customers | J19: =D19/C19 -> 358.58333 | K19: =_xlfn.MAXIFS(ecommerce_transactions!D:D,ecommerce_transactions!B:B,main_data!A19) -> 45647 | L19: =_xlfn.MINIFS(ecommerce_transactions!D:D,ecommerce_transactions!B:B,main_data!A19) -> 45426 | M19: =(K19-L19)/365.25 -> 0.60506502 | N19: =C19/(M19+0.5) -> 5.4295448 | O19: =J19*N19*M19 -> 1178.0279 | P19: =O19*0.3 -> 353.40836
A20: C0019 | B20: =_xlfn.DAYS(DATE(2024,12,31),_xlfn.MAXIFS(ecommerce_transactions!$D$2:$D$9999, ecommerce_transactions!$B$2:$B$9999, A20)) -> 28 | C20: =COUNTIF(ecommerce_transactions!B:B,main_data!A20) -> 4 | D20: =SUMIF(ecommerce_transactions!B:B,main_data!A20,ecommerce_transactions!E:E) -> 933.3 | E20: =IF(B20<=PERCENTILE($B$2:$B$501,0.2),5,IF(B20<=PERCENTILE($B$2:$B$501,0.4),4,IF(B20<=PERCENTILE($B$2:$B$501,0.6),3,IF(B20<=PERCENTILE($B$2:$B$501,0.8),2,1)))) -> 3 | F20: =IF(C20>=PERCENTILE($C$2:$C$501, 0.8), 5,IF(C20>=PERCENTILE($C$2:$C$501, 0.6), 4, IF(C20>=PERCENTILE($C$2:$C$501, 0.4), 3, IF(C20>=PERCENTILE($C$2:$C$501, 0.2), 2, 1)))) -> 2 | G20: =IF(D20>=PERCENTILE($D$2:$D$501,0.8),5,IF(D20>=PERCENTILE($D$2:$D$501,0.6),4,IF(D20>=PERCENTILE($D$2:$D$501,0.4),3,IF(D20>=PERCENTILE($D$2:$D$501,0.2),2,1)))) -> 1 | H20: =CONCATENATE(E20,F20,G20) -> 321 | I20: =IF(AND(E20>=4, F20>=4, G20>=4), "Champions", IF(AND(E20>=3, F20>=3, G20>=3), "Loyal Customers", IF(AND(E20>=4, F20<=2), "New Customers", IF(AND(E20>=4, F20>=2, G20>=2), "Potential Loyalists", IF(AND(G20>=4, E20<=2, F20<=2), "Cannot Lose Them", IF(AND(F20>=3, E20<=2), "At Risk", IF(AND(E20<=2, F20<=2), "About to Sleep", IF(AND(E20<=2, F20<=3), "Hibernating", "Lost")))))))) -> Lost | J20: =D20/C20 -> 233.325 | K20: =_xlfn.MAXIFS(ecommerce_transactions!D:D,ecommerce_transactions!B:B,main_data!A20) -> 45629 | L20: =_xlfn.MINIFS(ecommerce_transactions!D:D,ecommerce_transactions!B:B,main_data!A20) -> 45545 | M20: =(K20-L20)/365.25 -> 0.22997947 | N20: =C20/(M20+0.5) -> 5.4796062 | O20: =J20*N20*M20 -> 294.03544 | P20: =O20*0.3 -> 88.210633
A21: C0020 | B21: =_xlfn.DAYS(DATE(2024,12,31),_xlfn.MAXIFS(ecommerce_transactions!$D$2:$D$9999, ecommerce_transactions!$B$2:$B$9999, A21)) -> 41 | C21: =COUNTIF(ecommerce_transactions!B:B,main_data!A21) -> 13 | D21: =SUMIF(ecommerce_transactions!B:B,main_data!A21,ecommerce_transactions!E:E) -> 2896.01 | E21: =IF(B21<=PERCENTILE($B$2:$B$501,0.2),5,IF(B21<=PERCENTILE($B$2:$B$501,0.4),4,IF(B21<=PERCENTILE($B$2:$B$501,0.6),3,IF(B21<=PERCENTILE($B$2:$B$501,0.8),2,1)))) -> 3 | F21: =IF(C21>=PERCENTILE($C$2:$C$501, 0.8), 5,IF(C21>=PERCENTILE($C$2:$C$501, 0.6), 4, IF(C21>=PERCENTILE($C$2:$C$501, 0.4), 3, IF(C21>=PERCENTILE($C$2:$C$501, 0.2), 2, 1)))) -> 5 | G21: =IF(D21>=PERCENTILE($D$2:$D$501,0.8),5,IF(D21>=PERCENTILE($D$2:$D$501,0.6),4,IF(D21>=PERCENTILE($D$2:$D$501,0.4),3,IF(D21>=PERCENTILE($D$2:$D$501,0.2),2,1)))) -> 4 | H21: =CONCATENATE(E21,F21,G21) -> 354 | I21: =IF(AND(E21>=4, F21>=4, G21>=4), "Champions", IF(AND(E21>=3, F21>=3, G21>=3), "Loyal Customers", IF(AND(E21>=4, F21<=2), "New Customers", IF(AND(E21>=4, F21>=2, G21>=2), "Potential Loyalists", IF(AND(G21>=4, E21<=2, F21<=2), "Cannot Lose Them", IF(AND(F21>=3, E21<=2), "At Risk", IF(AND(E21<=2, F21<=2), "About to Sleep", IF(AND(E21<=2, F21<=3), "Hibernating", "Lost")))))))) -> Loyal Customers | J21: =D21/C21 -> 222.77 | K21: =_xlfn.MAXIFS(ecommerce_transactions!D:D,ecommerce_transactions!B:B,main_data!A21) -> 45616 | L21: =_xlfn.MINIFS(ecommerce_transactions!D:D,ecommerce_transactions!B:B,main_data!A21) -> 45074 | M21: =(K21-L21)/365.25 -> 1.4839151 | N21: =C21/(M21+0.5) -> 6.5526997 | O21: =J21*N21*M21 -> 2166.1375 | P21: =O21*0.3 -> 649.84126
A22: C0021 | B22: =_xlfn.DAYS(DATE(2024,12,31),_xlfn.MAXIFS(ecommerce_transactions!$D$2:$D$9999, ecommerce_transactions!$B$2:$B$9999, A22)) -> 19 | C22: =COUNTIF(ecommerce_transactions!B:B,main_data!A22) -> 2 | D22: =SUMIF(ecommerce_transactions!B:B,main_data!A22,ecommerce_transactions!E:E) -> 697.8 | E22: =IF(B22<=PERCENTILE($B$2:$B$501,0.2),5,IF(B22<=PERCENTILE($B$2:$B$501,0.4),4,IF(B22<=PERCENTILE($B$2:$B$501,0.6),3,IF(B22<=PERCENTILE($B$2:$B$501,0.8),2,1)))) -> 4 | F22: =IF(C22>=PERCENTILE($C$2:$C$501, 0.8), 5,IF(C22>=PERCENTILE($C$2:$C$501, 0.6), 4, IF(C22>=PERCENTILE($C$2:$C$501, 0.4), 3, IF(C22>=PERCENTILE($C$2:$C$501, 0.2), 2, 1)))) -> 1 | G22: =IF(D22>=PERCENTILE($D$2:$D$501,0.8),5,IF(D22>=PERCENTILE($D$2:$D$501,0.6),4,IF(D22>=PERCENTILE($D$2:$D$501,0.4),3,IF(D22>=PERCENTILE($D$2:$D$501,0.2),2,1)))) -> 1 | H22: =CONCATENATE(E22,F22,G22) -> 411 | I22: =IF(AND(E22>=4, F22>=4, G22>=4), "Champions", IF(AND(E22>=3, F22>=3, G22>=3), "Loyal Customers", IF(AND(E22>=4, F22<=2), "New Customers", IF(AND(E22>=4, F22>=2, G22>=2), "Potential Loyalists", IF(AND(G22>=4, E22<=2, F22<=2), "Cannot Lose Them", IF(AND(F22>=3, E22<=2), "At Risk", IF(AND(E22<=2, F22<=2), "About to Sleep", IF(AND(E22<=2, F22<=3), "Hibernating", "Lost")))))))) -> New Customers | J22: =D22/C22 -> 348.9 | K22: =_xlfn.MAXIFS(ecommerce_transactions!D:D,ecommerce_transactions!B:B,main_data!A22) -> 45638 | L22: =_xlfn.MINIFS(ecommerce_transactions!D:D,ecommerce_transactions!B:B,main_data!A22) -> 45307 | M22: =(K22-L22)/365.25 -> 0.90622861 | N22: =C22/(M22+0.5) -> 1.4222439 | O22: =J22*N22*M22 -> 449.68956 | P22: =O22*0.3 -> 134.90687
A23: C0022 | B23: =_xlfn.DAYS(DATE(2024,12,31),_xlfn.MAXIFS(ecommerce_transactions!$D$2:$D$9999, ecommerce_transactions!$B$2:$B$9999, A23)) -> 9 | C23: =COUNTIF(ecommerce_transactions!B:B,main_data!A23) -> 14 | D23: =SUMIF(ecommerce_transactions!B:B,main_data!A23,ecommerce_transactions!E:E) -> 3405.38 | E23: =IF(B23<=PERCENTILE($B$2:$B$501,0.2),5,IF(B23<=PERCENTILE($B$2:$B$501,0.4),4,IF(B23<=PERCENTILE($B$2:$B$501,0.6),3,IF(B23<=PERCENTILE($B$2:$B$501,0.8),2,1)))) -> 4 | F23: =IF(C23>=PERCENTILE($C$2:$C$501, 0.8), 5,IF(C23>=PERCENTILE($C$2:$C$501, 0.6), 4, IF(C23>=PERCENTILE($C$2:$C$501, 0.4), 3, IF(C23>=PERCENTILE($C$2:$C$501, 0.2), 2, 1)))) -> 5 | G23: =IF(D23>=PERCENTILE($D$2:$D$501,0.8),5,IF(D23>=PERCENTILE($D$2:$D$501,0.6),4,IF(D23>=PERCENTILE($D$2:$D$501,0.4),3,IF(D23>=PERCENTILE($D$2:$D$501,0.2),2,1)))) -> 5 | H23: =CONCATENATE(E23,F23,G23) -> 455 | I23: =IF(AND(E23>=4, F23>=4, G23>=4), "Champions", IF(AND(E23>=3, F23>=3, G23>=3), "Loyal Customers", IF(AND(E23>=4, F23<=2), "New Customers", IF(AND(E23>=4, F23>=2, G23>=2), "Potential Loyalists", IF(AND(G23>=4, E23<=2, F23<=2), "Cannot Lose Them", IF(AND(F23>=3, E23<=2), "At Risk", IF(AND(E23<=2, F23<=2), "About to Sleep", IF(AND(E23<=2, F23<=3), "Hibernating", "Lost")))))))) -> Champions | J23: =D23/C23 -> 243.24143 | K23: =_xlfn.MAXIFS(ecommerce_transactions!D:D,ecommerce_transactions!B:B,main_data!A23) -> 45648 | L23: =_xlfn.MINIFS(ecommerce_transactions!D:D,ecommerce_transactions!B:B,main_data!A23) -> 45337 | M23: =(K23-L23)/365.25 -> 0.85147159 | N23: =C23/(M23+0.5) -> 10.359078 | O23: =J23*N23*M23 -> 2145.5015 | P23: =O23*0.3 -> 643.65045
A24: C0023 | B24: =_xlfn.DAYS(DATE(2024,12,31),_xlfn.MAXIFS(ecommerce_transactions!$D$2:$D$9999, ecommerce_transactions!$B$2:$B$9999, A24)) -> 168 | C24: =COUNTIF(ecommerce_transactions!B:B,main_data!A24) -> 13 | D24: =SUMIF(ecommerce_transactions!B:B,main_data!A24,ecommerce_transactions!E:E) -> 3410.12 | E24: =IF(B24<=PERCENTILE($B$2:$B$501,0.2),5,IF(B24<=PERCENTILE($B$2:$B$501,0.4),4,IF(B24<=PERCENTILE($B$2:$B$501,0.6),3,IF(B24<=PERCENTILE($B$2:$B$501,0.8),2,1)))) -> 1 | F24: =IF(C24>=PERCENTILE($C$2:$C$501, 0.8), 5,IF(C24>=PERCENTILE($C$2:$C$501, 0.6), 4, IF(C24>=PERCENTILE($C$2:$C$501, 0.4), 3, IF(C24>=PERCENTILE($C$2:$C$501, 0.2), 2, 1)))) -> 5 | G24: =IF(D24>=PERCENTILE($D$2:$D$501,0.8),5,IF(D24>=PERCENTILE($D$2:$D$501,0.6),4,IF(D24>=PERCENTILE($D$2:$D$501,0.4),3,IF(D24>=PERCENTILE($D$2:$D$501,0.2),2,1)))) -> 5 | H24: =CONCATENATE(E24,F24,G24) -> 155 | I24: =IF(AND(E24>=4, F24>=4, G24>=4), "Champions", IF(AND(E24>=3, F24>=3, G24>=3), "Loyal Customers", IF(AND(E24>=4, F24<=2), "New Customers", IF(AND(E24>=4, F24>=2, G24>=2), "Potential Loyalists", IF(AND(G24>=4, E24<=2, F24<=2), "Cannot Lose Them", IF(AND(F24>=3, E24<=2), "At Risk", IF(AND(E24<=2, F24<=2), "About to Sleep", IF(AND(E24<=2, F24<=3), "Hibernating", "Lost")))))))) -> At Risk | J24: =D24/C24 -> 262.31692 | K24: =_xlfn.MAXIFS(ecommerce_transactions!D:D,ecommerce_transactions!B:B,main_data!A24) -> 45489 | L24: =_xlfn.MINIFS(ecommerce_transactions!D:D,ecommerce_transactions!B:B,main_data!A24) -> 44960 | M24: =(K24-L24)/365.25 -> 1.4483231 | N24: =C24/(M24+0.5) -> 6.6724047 | O24: =J24*N24*M24 -> 2534.9777 | P24: =O24*0.3 -> 760.4933
A25: C0024 | B25: =_xlfn.DAYS(DATE(2024,12,31),_xlfn.MAXIFS(ecommerce_transactions!$D$2:$D$9999, ecommerce_transactions!$B$2:$B$9999, A25)) -> 1 | C25: =COUNTIF(ecommerce_transactions!B:B,main_data!A25) -> 10 | D25: =SUMIF(ecommerce_transactions!B:B,main_data!A25,ecommerce_transactions!E:E) -> 2240.17 | E25: =IF(B25<=PERCENTILE($B$2:$B$501,0.2),5,IF(B25<=PERCENTILE($B$2:$B$501,0.4),4,IF(B25<=PERCENTILE($B$2:$B$501,0.6),3,IF(B25<=PERCENTILE($B$2:$B$501,0.8),2,1)))) -> 5 | F25: =IF(C25>=PERCENTILE($C$2:$C$501, 0.8), 5,IF(C25>=PERCENTILE($C$2:$C$501, 0.6), 4, IF(C25>=PERCENTILE($C$2:$C$501, 0.4), 3, IF(C25>=PERCENTILE($C$2:$C$501, 0.2), 2, 1)))) -> 4 | G25: =IF(D25>=PERCENTILE($D$2:$D$501,0.8),5,IF(D25>=PERCENTILE($D$2:$D$501,0.6),4,IF(D25>=PERCENTILE($D$2:$D$501,0.4),3,IF(D25>=PERCENTILE($D$2:$D$501,0.2),2,1)))) -> 3 | H25: =CONCATENATE(E25,F25,G25) -> 543 | I25: =IF(AND(E25>=4, F25>=4, G25>=4), "Champions", IF(AND(E25>=3, F25>=3, G25>=3), "Loyal Customers", IF(AND(E25>=4, F25<=2), "New Customers", IF(AND(E25>=4, F25>=2, G25>=2), "Potential Loyalists", IF(AND(G25>=4, E25<=2, F25<=2), "Cannot Lose Them", IF(AND(F25>=3, E25<=2), "At Risk", IF(AND(E25<=2, F25<=2), "About to Sleep", IF(AND(E25<=2, F25<=3), "Hibernating", "Lost")))))))) -> Loyal Customers | J25: =D25/C25 -> 224.017 | K25: =_xlfn.MAXIFS(ecommerce_transactions!D:D,ecommerce_transactions!B:B,main_data!A25) -> 45656 | L25: =_xlfn.MINIFS(ecommerce_transactions!D:D,ecommerce_transactions!B:B,main_data!A25) -> 45618 | M25: =(K25-L25)/365.25 -> 0.10403833 | N25: =C25/(M25+0.5) -> 16.555241 | O25: =J25*N25*M25 -> 385.84231 | P25: =O25*0.3 -> 115.75269
... A501: C0500 | B501: =_xlfn.DAYS(DATE(2024,12,31),_xlfn.MAXIFS(ecommerce_transactions!$D$2:$D$9999, ecommerce_transactions!$B$2:$B$9999, A501)) -> 71 | C501: =COUNTIF(ecommerce_transactions!B:B,main_data!A501) -> 5 | D501: =SUMIF(ecommerce_transactions!B:B,main_data!A501,ecommerce_transactions!E:E) -> 1166.94 | E501: =IF(B501<=PERCENTILE($B$2:$B$501,0.2),5,IF(B501<=PERCENTILE($B$2:$B$501,0.4),4,IF(B501<=PERCENTILE($B$2:$B$501,0.6),3,IF(B501<=PERCENTILE($B$2:$B$501,0.8),2,1)))) -> 2 | F501: =IF(C501>=PERCENTILE($C$2:$C$501, 0.8), 5,IF(C501>=PERCENTILE($C$2:$C$501, 0.6), 4, IF(C501>=PERCENTILE($C$2:$C$501, 0.4), 3, IF(C501>=PERCENTILE($C$2:$C$501, 0.2), 2, 1)))) -> 2 | G501: =IF(D501>=PERCENTILE($D$2:$D$501,0.8),5,IF(D501>=PERCENTILE($D$2:$D$501,0.6),4,IF(D501>=PERCENTILE($D$2:$D$501,0.4),3,IF(D501>=PERCENTILE($D$2:$D$501,0.2),2,1)))) -> 2 | H501: =CONCATENATE(E501,F501,G501) -> 222 | I501: =IF(AND(E501>=4, F501>=4, G501>=4), "Champions", IF(AND(E501>=3, F501>=3, G501>=3), "Loyal Customers", IF(AND(E501>=4, F501<=2), "New Customers", IF(AND(E501>=4, F501>=2, G501>=2), "Potential Loyalists", IF(AND(G501>=4, E501<=2, F501<=2), "Cannot Lose Them", IF(AND(F501>=3, E501<=2), "At Risk", IF(AND(E501<=2, F501<=2), "About to Sleep", IF(AND(E501<=2, F501<=3), "Hibernating", "Lost")))))))) -> About to Sleep | J501: =D501/C501 -> 233.388 | K501: =_xlfn.MAXIFS(ecommerce_transactions!D:D,ecommerce_transactions!B:B,main_data!A501) -> 45586 | L501: =_xlfn.MINIFS(ecommerce_transactions!D:D,ecommerce_transactions!B:B,main_data!A501) -> 45501 | M501: =(K501-L501)/365.25 -> 0.23271732 | N501: =C501/(M501+0.5) -> 6.8239141 | O501: =J501*N501*M501 -> 370.63017 | P501: =O501*0.3 -> 111.18905
A502: 0

Sheet rfm_segmented
A1: Customer_ID | B1: Recency_days | C1: Purchase_Frequency | D1: Total_spending | E1: R_Score | F1: F_Score | G1: M_Score | H1: RFM_Score | I1: Customer_Segmentation
A2: C0001 | B2: 117 | C2: 7 | D2: 1177.88 | E2: 1 | F2: 3 | G2: 2 | H2: 132 | I2: At Risk
A3: C0002 | B3: 25 | C3: 15 | D3: 4325 | E3: 3 | F3: 5 | G3: 5 | H3: 355 | I3: Loyal Customers
A4: C0003 | B4: 6 | C4: 15 | D4: 3895.55 | E4: 5 | F4: 5 | G4: 5 | H4: 555 | I4: Champions
A5: C0004 | B5: 155 | C5: 2 | D5: 271.9 | E5: 1 | F5: 1 | G5: 1 | H5: 111 | I5: About to Sleep
A6: C0005 | B6: 18 | C6: 14 | D6: 3180.56 | E6: 4 | F6: 5 | G6: 5 | H6: 455 | I6: Champions
A7: C0006 | B7: 36 | C7: 11 | D7: 2731.02 | E7: 3 | F7: 4 | G7: 4 | H7: 344 | I7: Loyal Customers
A8: C0007 | B8: 15 | C8: 9 | D8: 3058.68 | E8: 4 | F8: 4 | G8: 4 | H8: 444 | I8: Champions
A9: C0008 | B9: 64 | C9: 4 | D9: 1331.57 | E9: 2 | F9: 2 | G9: 2 | H9: 222 | I9: About to Sleep
A10: C0009 | B10: 9 | C10: 8 | D10: 2407.93 | E10: 4 | F10: 3 | G10: 4 | H10: 434 | I10: Loyal Customers
A11: C0010 | B11: 15 | C11: 7 | D11: 2133.12 | E11: 4 | F11: 3 | G11: 3 | H11: 433 | I11: Loyal Customers
A12: C0011 | B12: 24 | C12: 13 | D12: 3337.43 | E12: 3 | F12: 5 | G12: 5 | H12: 355 | I12: Loyal Customers
A13: C0012 | B13: 104 | C13: 10 | D13: 1939.32 | E13: 1 | F13: 4 | G13: 3 | H13: 143 | I13: At Risk
... A501: C0500 | B501: 71 | C501: 5 | D501: 1166.94 | E501: 2 | F501: 2 | G501: 2 | H501: 222 | I501: About to Sleep

Sheet customer_lifetime_value
A1: Customer_ID | B1: Average_order_value | C1: Last_Purchase_date | D1: First_purchase_date | E1: Customer_Lifespan_Years | F1: Annual_Purchase_frequency | G1: CLV_Gross_Revenue | H1: CLV_Profit(30%margin)
A2: C0001 | B2: 168.26857 | C2: 45540 | D2: 45279 | E2: 0.71457906 | F2: 5.7633136 | G2: 692.98773 | H2: 207.89632
A3: C0002 | B3: 288.33333 | C3: 45632 | D3: 44980 | E3: 1.7850787 | F3: 6.5643253 | G3: 3378.6431 | H3: 1013.5929
A4: C0003 | B4: 259.70333 | C4: 45651 | D4: 45566 | E4: 0.23271732 | F4: 20.471742 | G4: 1237.2602 | H4: 371.17805
A5: C0004 | B5: 135.95 | C5: 45502 | D5: 44973 | E5: 1.4483231 | F5: 1.0265238 | G5: 202.12204 | H5: 60.636613
A6: C0005 | B6: 227.18286 | C6: 45639 | D6: 45409 | E6: 0.62970568 | F6: 12.392608 | G6: 1772.8659 | H6: 531.85978
A7: C0006 | B7: 248.27455 | C7: 45621 | D7: 45512 | E7: 0.29842574 | F7: 13.777111 | G7: 1020.767 | H7: 306.2301
A8: C0007 | B8: 339.85333 | C8: 45642 | D8: 45057 | E8: 1.6016427 | F8: 4.2823644 | G8: 2330.9921 | H8: 699.29763
A9: C0008 | B9: 332.8925 | C9: 45593 | D9: 45156 | E9: 1.1964408 | F9: 2.3578777 | G9: 939.11009 | H9: 281.73303
A10: C0009 | B10: 300.99125 | C10: 45648 | D10: 45371 | E10: 0.75838467 | F10: 6.3573565 | G10: 1451.1757 | H10: 435.3527
A11: C0010 | B11: 304.73143 | C11: 45642 | D11: 45483 | E11: 0.43531828 | F11: 7.4840834 | G11: 992.80228 | H11: 297.84068
A12: C0011 | B12: 256.72538 | C12: 45633 | D12: 45126 | E12: 1.3880903 | F12: 6.8852637 | G12: 2453.619 | H12: 736.0857
A13: C0012 | B13: 193.932 | C13: 45553 | D13: 45093 | E13: 1.2594114 | F13: 5.6837191 | G13: 1388.1925 | H13: 416.45775
... A501: C0500 | B501: 233.388 | C501: 45586 | D501: 45501 | E501: 0.23271732 | F501: 6.8239141 | G501: 370.63017 | H501: 111.18905

Sheet segment_analysis
A1: Segment | B1: Customer Count | C1: % of Base | D1: Avg CLV | E1: Total Revenue | F1: Avg Recency | G1: Action Priority
A2: Champions | B2: 101 | C2: 0.202 | D2: $1,657.57 | E2: $330,009 | F2: 7.6 days | G2: PROTECT
A3: Loyal Customers | B3: 110 | C3: 0.22 | D3: $1,524.50 | E3: $281,515 | F3: 19.6 days | G3: PROMOTE
A4: At Risk | B4: 74 | C4: 0.148 | D4: $1,634.45 | E4: $188,515 | F4: 83.7 days | G4: RESCUE
A5: About to Sleep | B5: 116 | C5: 0.232 | D5: $390.13 | E5: $89,162 | F5: 168.1 days | G5: MONITOR
A6: Potential Loyalists | B6: 42 | C6: 0.084 | D6: $557.86 | E6: $56,930 | F6: 7.4 days | G6: NURTURE
A7: Others | B7: 57 | C7: 0.114 | D7: $529 | E7: $30,170 | F7: Various | G7: SEGMENT
